USE PUBLICATION;

----
INSERT INTO SCIENTIST VALUES('1012345','a@gmail.com','Photographer','Randy','Uzumaki','127 East 55th Street, Midtown East, New York, US','NK Company');
INSERT INTO SCIENTIST VALUES('1012346','niclole@gmail.com','Photographer','Nicole','Arthur','127 East 55th Street, Midtown East, New York, US','NK Company');
INSERT INTO SCIENTIST VALUES ('1012347','b@gmail.com','Photographer','Joan','Kakashi','127 East 55th Street, Midtown East, New York, US','NK Company');
INSERT INTO SCIENTIST VALUES ('1012348','evans@gmmail.com','Streamer','Lewandoski','Uzumaki','127 East 55th Street, Midtown East, New York, US','NK Company');
INSERT INTO SCIENTIST VALUES ('1012349','chef@gmail.com','Chef','Herb','McKibben','127 East 55th Street, Midtown East, New York, US','NK Company');
INSERT INTO SCIENTIST VALUES ('1012350','Brad@gmail.com','Social Media Manager','Derek','Christopher','127 East 55th Street, Midtown East, New York, US','NK Company');
INSERT INTO SCIENTIST VALUES ('1012351','nfek@gmail.com','Dental Hygienist','Randy','Christopher','127 East 55th Street, Midtown East, New York, US','NK Company');
INSERT INTO SCIENTIST VALUES ('1012352','joan@gmail.com','Fashion Designer','Joan','Arthur','127 East 55th Street, Midtown East, New York, US','NK Company');
INSERT INTO SCIENTIST VALUES ('1012353','jennie@gmail.com','Graphic Designer','Guillermo','Arthur','127 East 55th Street, Midtown East, New York, US','NK Company');
INSERT INTO SCIENTIST VALUES ('1012354','gyueg@gmail.com','Fundraiser','Guillermo','Harnish','127 East 55th Street, Midtown East, New York, US','NK Company');
INSERT INTO SCIENTIST VALUES ('1012355','lausy@gmail.com','Lawyer','John','Erickson','127 East 55th Street, Midtown East, New York, US','NK Company');
INSERT INTO SCIENTIST VALUES ('1012356','evans@gmmail.com','Streamer','Evans','Uzumaki','127 East 55th Street, Midtown East, New York, US','NK Company');
INSERT INTO SCIENTIST VALUES ('1012357','thith@gmail.com','Cardiovascular Technologist','Randy','Harnish','127 East 55th Street, Midtown East, New York, US','NK Company');
INSERT INTO SCIENTIST VALUES ('1012358','d@gmail.com','Photographer','Guillermo','Sasuke','127 East 55th Street, Midtown East, New York, US','NK Company');
INSERT INTO SCIENTIST VALUES ('1012359','hernis@gmail.com','Court Reporter','Guillermo','McKibben','127 East 55th Street, Midtown East, New York, US','NK Company');
INSERT INTO SCIENTIST VALUES ('2012345','e@gmail.com','Photographer','Lewandoski','Uchiha','127 East 55th Street, Midtown East, New York, US','NK Company');
INSERT INTO SCIENTIST VALUES ('2012346','evans@gmmail.com','Streamer','Lewandoski','Uzumaki','127 East 55th Street, Midtown East, New York, US','NK Company');
INSERT INTO SCIENTIST VALUES ('2012347','randly@gmail.com','Fundraiser','Randy','Erickson','127 East 55th Street, Midtown East, New York, US','NK Company');
INSERT INTO SCIENTIST VALUES ('2012348','chishtil@gmail.com','Lawyer','Cindy','Blastares','127 East 55th Street, Midtown East, New York, US','NK Company');
INSERT INTO SCIENTIST VALUES ('2012349','evans@gmmail.com','Streamer','Evans','Uzumaki','127 East 55th Street, Midtown East, New York, US','NK Company');
INSERT INTO SCIENTIST VALUES ('2012350','evans@gmmail.com','Streamer','Lewandoski','Uzumaki','127 East 55th Street, Midtown East, New York, US','NK Company');
INSERT INTO SCIENTIST VALUES ('2012351','layhegd@gmail.com','Fundraiser','Randy','Viscuso','127 East 55th Street, Midtown East, New York, US','NK Company');
INSERT INTO SCIENTIST VALUES ('2012352','jinsh@gmail.com','Graphic Designer','Randy','Tithe','127 East 55th Street, Midtown East, New York, US','NK Company');
INSERT INTO SCIENTIST VALUES ('2012353','randdy@gmail.com','Photographer','Guillermo','Tithe','127 East 55th Street, Midtown East, New York, US','NK Company');
INSERT INTO SCIENTIST VALUES ('2012354','jijknb@gmail.com','Social Media Manager','John','Christopher','127 East 55th Street, Midtown East, New York, US','NK Company');
INSERT INTO SCIENTIST VALUES ('2012355','erickll@gmail.com','Court Reporter','Cindy','Bianchi','127 East 55th Street, Midtown East, New York, US','NK Company');
INSERT INTO SCIENTIST VALUES ('2012356','ledinhquan@gmail.com','Advertising Sales Agent','Cindy','Christopher','127 East 55th Street, Midtown East, New York, US','NK Company');
INSERT INTO SCIENTIST VALUES ('3012345','Derek@gmail.com','Writer and Editor','John','Jackson','127 East 55th Street, Midtown East, New York, US','NK Company');
INSERT INTO SCIENTIST VALUES ('3012346','conmo@gmail.com','Cardiovascular Technologist','Alice','Adu','127 East 55th Street, Midtown East, New York, US','NK Company');
INSERT INTO SCIENTIST VALUES ('3012347','linhkiu@gmail.com','Cardiovascular Technologist','Mary','Quan','127 East 55th Street, Midtown East, New York, US','NK Company');
INSERT INTO SCIENTIST VALUES ('3012348','coutr@gmail.com','Court Reporter','Kevin','Beer','127 East 55th Street, Midtown East, New York, US','NK Company');
INSERT INTO SCIENTIST VALUES ('3012349','linghsj@gmail.com','Cardiovascular Technologist','William','Dinh','127 East 55th Street, Midtown East, New York, US','NK Company');
INSERT INTO SCIENTIST VALUES ('3012350','enfn@gmail.com','Advertising Sales Agent','Mary','Warkentin','127 East 55th Street, Midtown East, New York, US','NK Company');
INSERT INTO SCIENTIST VALUES ('3012351','adfbh@gmail.com','Advertising Sales Agent','William','Warkentin','127 East 55th Street, Midtown East, New York, US','NK Company');
INSERT INTO SCIENTIST VALUES ('3012352','adfbh@gmail.com','Advertising Sales Agent','William','Warkentin','127 East 55th Street, Midtown East, New York, US','NK Company');
INSERT INTO SCIENTIST VALUES ('3012353','coufuh@gmail.com','Court Reporter','Kevin','Leopard','127 East 55th Street, Midtown East, New York, US','NK Company');
INSERT INTO SCIENTIST VALUES ('3012354','coufuh@gmail.com','Court Reporter','Kevin','Le','127 East 55th Street, Midtown East, New York, US','NK Company');
INSERT INTO SCIENTIST VALUES ('1012360','evans@gmmail.com','Streamer','Evans','Uzumaki','127 East 55th Street, Midtown East, New York, US','NK Company');
INSERT INTO SCIENTIST VALUES ('1012361','evans@gmmail.com','Streamer','Lewandoski','Uzumaki','127 East 55th Street, Midtown East, New York, US','NK Company');
INSERT INTO SCIENTIST VALUES ('1012362','layhegd@gmail.com','Fundraiser','Randy','Viscuso','127 East 55th Street, Midtown East, New York, US','NK Company');
INSERT INTO SCIENTIST VALUES ('1012363','jinsh@gmail.com','Graphic Designer','Randy','Tithe','127 East 55th Street, Midtown East, New York, US','NK Company');
INSERT INTO SCIENTIST VALUES ('1012364','randdy@gmail.com','Photographer','Guillermo','Tithe','127 East 55th Street, Midtown East, New York, US','NK Company');
INSERT INTO SCIENTIST VALUES ('1012365','jijknb@gmail.com','Social Media Manager','John','Christopher','127 East 55th Street, Midtown East, New York, US','NK Company');
INSERT INTO SCIENTIST VALUES ('1012366','erickll@gmail.com','Court Reporter','Cindy','Bianchi','127 East 55th Street, Midtown East, New York, US','NK Company');
INSERT INTO SCIENTIST VALUES ('1012367','ledinhquan@gmail.com','Advertising Sales Agent','Cindy','Christopher','127 East 55th Street, Midtown East, New York, US','NK Company');
INSERT INTO SCIENTIST VALUES ('1012368','Derek@gmail.com','Writer and Editor','John','Jackson','127 East 55th Street, Midtown East, New York, US','NK Company');
INSERT INTO SCIENTIST VALUES ('1012369','conmo@gmail.com','Cardiovascular Technologist','Alice','Adu','127 East 55th Street, Midtown East, New York, US','NK Company');
INSERT INTO SCIENTIST VALUES ('1012370','linhkiu@gmail.com','Cardiovascular Technologist','Mary','Quan','127 East 55th Street, Midtown East, New York, US','NK Company');
INSERT INTO SCIENTIST VALUES ('1012371','coutr@gmail.com','Court Reporter','Kevin','Beer','127 East 55th Street, Midtown East, New York, US','NK Company');
INSERT INTO SCIENTIST VALUES ('1012372','linghsj@gmail.com','Cardiovascular Technologist','William','Dinh','127 East 55th Street, Midtown East, New York, US','NK Company');
INSERT INTO SCIENTIST VALUES ('1012373','enfn@gmail.com','Advertising Sales Agent','Mary','Warkentin','127 East 55th Street, Midtown East, New York, US','NK Company');
INSERT INTO SCIENTIST VALUES ('1012374','adfbh@gmail.com','Advertising Sales Agent','William','Warkentin','127 East 55th Street, Midtown East, New York, US','NK Company');
INSERT INTO SCIENTIST VALUES ('1012375','adfbh@gmail.com','Advertising Sales Agent','William','Warkentin','127 East 55th Street, Midtown East, New York, US','NK Company');
INSERT INTO SCIENTIST VALUES ('1012376','coufuh@gmail.com','Court Reporter','Kevin','Leopard','127 East 55th Street, Midtown East, New York, US','NK Company');
INSERT INTO SCIENTIST VALUES ('1012377','coufuh@gmail.com','Court Reporter','Kevin','Le','127 East 55th Street, Midtown East, New York, US','NK Company');
INSERT INTO SCIENTIST VALUES ('1012378','chishtil@gmail.com','Lawyer','Cindy','Blastares','127 East 55th Street, Midtown East, New York, US','NK Company');
INSERT INTO SCIENTIST VALUES ('1012379','evans@gmmail.com','Streamer','Evans','Uzumaki','127 East 55th Street, Midtown East, New York, US','NK Company');
INSERT INTO SCIENTIST VALUES ('1012380','evans@gmmail.com','Streamer','Lewandoski','Uzumaki','127 East 55th Street, Midtown East, New York, US','NK Company');
INSERT INTO SCIENTIST VALUES ('1012381','layhegd@gmail.com','Fundraiser','Randy','Viscuso','127 East 55th Street, Midtown East, New York, US','NK Company');
INSERT INTO SCIENTIST VALUES ('1012382','jinsh@gmail.com','Graphic Designer','Randy','Tithe','127 East 55th Street, Midtown East, New York, US','NK Company');
INSERT INTO SCIENTIST VALUES ('1012383','randdy@gmail.com','Photographer','Guillermo','Tithe','127 East 55th Street, Midtown East, New York, US','NK Company');
INSERT INTO SCIENTIST VALUES ('1012384','jijknb@gmail.com','Social Media Manager','John','Christopher','127 East 55th Street, Midtown East, New York, US','NK Company');
INSERT INTO SCIENTIST VALUES ('1012385','erickll@gmail.com','Court Reporter','Cindy','Bianchi','127 East 55th Street, Midtown East, New York, US','NK Company');
INSERT INTO SCIENTIST VALUES ('1012386','ledinhquan@gmail.com','Advertising Sales Agent','Cindy','Christopher','127 East 55th Street, Midtown East, New York, US','NK Company');


-----

INSERT INTO AUTHOR
VALUES ('1012345') ;
INSERT INTO AUTHOR
VALUES ('1012346') ;
INSERT INTO AUTHOR
VALUES ('1012347') ;
INSERT INTO AUTHOR
VALUES ('1012348') ;
INSERT INTO AUTHOR
VALUES ('1012349') ;
INSERT INTO AUTHOR
VALUES ('1012350') ;
INSERT INTO AUTHOR
VALUES ('1012351') ;
INSERT INTO AUTHOR
VALUES ('1012352') ;
INSERT INTO AUTHOR
VALUES ('1012353') ;
INSERT INTO AUTHOR
VALUES ('1012354') ;
INSERT INTO AUTHOR
VALUES ('1012355') ;
INSERT INTO AUTHOR
VALUES ('1012356') ;
INSERT INTO AUTHOR
VALUES ('1012357') ;
INSERT INTO AUTHOR
VALUES ('1012358') ;
INSERT INTO AUTHOR
VALUES ('1012359') ;

INSERT INTO AUTHOR
VALUES ('1012360') ;
INSERT INTO AUTHOR
VALUES ('1012361') ;
INSERT INTO AUTHOR
VALUES ('1012362') ;
INSERT INTO AUTHOR
VALUES ('1012363') ;
INSERT INTO AUTHOR
VALUES ('1012364') ;
INSERT INTO AUTHOR
VALUES ('1012365') ;
INSERT INTO AUTHOR
VALUES ('1012366') ;
INSERT INTO AUTHOR
VALUES ('1012367') ;
INSERT INTO AUTHOR
VALUES ('1012368') ;
INSERT INTO AUTHOR
VALUES ('1012369') ;
INSERT INTO AUTHOR
VALUES ('1012370') ;
INSERT INTO AUTHOR
VALUES ('1012371') ;
INSERT INTO AUTHOR
VALUES ('1012372') ;
INSERT INTO AUTHOR
VALUES ('1012373') ;
INSERT INTO AUTHOR
VALUES ('1012374') ;

INSERT INTO AUTHOR
VALUES ('1012375') ;
INSERT INTO AUTHOR
VALUES ('1012376') ;
INSERT INTO AUTHOR
VALUES ('1012377') ;
INSERT INTO AUTHOR
VALUES ('1012378') ;
INSERT INTO AUTHOR
VALUES ('1012379') ;
INSERT INTO AUTHOR
VALUES ('1012380') ;
INSERT INTO AUTHOR
VALUES ('1012381') ;
INSERT INTO AUTHOR
VALUES ('1012382') ;
INSERT INTO AUTHOR
VALUES ('1012383') ;
INSERT INTO AUTHOR
VALUES ('1012384') ;
INSERT INTO AUTHOR
VALUES ('1012385') ;
INSERT INTO AUTHOR
VALUES ('1012386') ;
-----


INSERT INTO REVIEWER
VALUES('3012345','lenavo@gmail.com',NULL,NULL,'0124578268','2009-07-05');
INSERT INTO REVIEWER
VALUES('3012346','work1@gmail.com',NULL,NULL,'0124578269','2009-07-06');
INSERT INTO REVIEWER
VALUES('3012347','work2@gmail.com',NULL,NULL,'0124578270','2009-07-07');
INSERT INTO REVIEWER
VALUES('3012348','work3@gmail.com',NULL,NULL,'0124578271','2009-07-08');
INSERT INTO REVIEWER
VALUES('3012349','work4@gmail.com',NULL,NULL,'0124578272','2009-07-09');
INSERT INTO REVIEWER
VALUES('3012350','work5@gmail.com',NULL,NULL,'0124578273','2009-07-10');
INSERT INTO REVIEWER
VALUES('3012351','work6@gmail.com',NULL,NULL,'0124578274','2009-07-11');
INSERT INTO REVIEWER
VALUES('3012352','work7@gmail.com',NULL,NULL,'0124578275','2009-07-12');
INSERT INTO REVIEWER
VALUES('3012353','work8@gmail.com',NULL,NULL,'0124578276','2009-07-13');
INSERT INTO REVIEWER
VALUES('3012354','work9@gmail.com',NULL,NULL,'0124578277','2009-07-14');

------


INSERT INTO EDITORIAL_BOARD VALUES ('2012345','CEO');
INSERT INTO EDITORIAL_BOARD VALUES ('2012346','CEO');
INSERT INTO EDITORIAL_BOARD VALUES ('2012347','CEO');
INSERT INTO EDITORIAL_BOARD VALUES ('2012348','CEO');
INSERT INTO EDITORIAL_BOARD VALUES ('2012349','CEO');
INSERT INTO EDITORIAL_BOARD VALUES ('2012350','CEO');
INSERT INTO EDITORIAL_BOARD VALUES ('2012351','CEO');
INSERT INTO EDITORIAL_BOARD VALUES ('2012352','CEO');
INSERT INTO EDITORIAL_BOARD VALUES ('2012353','CEO');
INSERT INTO EDITORIAL_BOARD VALUES ('2012354','CEO');
INSERT INTO EDITORIAL_BOARD VALUES ('2012355','CEO');
INSERT INTO EDITORIAL_BOARD VALUES ('2012356','CEO');

----
select * from ARTICLE
INSERT INTO ARTICLE
VALUES ('412345','Bus','x',NULL,0,'2018-05-08','1012345',NULL,NULL,NULL,NULL);
INSERT INTO ARTICLE
VALUES ('412346','Quantitative Seismic Interpretation: Applying Rock Physics Tools to Reduce Interpretation Risk','x',NULL,0,'2017-08-03',NULL,NULL,NULL,NULL);
INSERT INTO ARTICLE
VALUES ('412347','A Man After Gods Own Heart: Updated and Expanded','x',NULL,0,'2018-05-04','1012347',NULL,NULL,NULL,NULL);
INSERT INTO ARTICLE
VALUES ('412348','Change','x',NULL,0,'2019-06-08','1012348',NULL,NULL,NULL,NULL);
INSERT INTO ARTICLE
VALUES ('412349','LOVE SICK GIRLS','x','LSG.DOCS',0,'2015-02-11','1012349',NULL,NULL,NULL,NULL);
INSERT INTO ARTICLE
VALUES ('412350','The Resolution for Men LeatherTouch','x',NULL,1,'2018-05-07','1012350',NULL,NULL,NULL,NULL);
INSERT INTO ARTICLE
VALUES ('412351','Feels Like Redemption: The Pilgrimage To Health and Healing (My Pilgrimage)','x',NULL,1,'2020-02-08','1012351',NULL,NULL,NULL,NULL);
INSERT INTO ARTICLE
VALUES ('412352','"My Earthquake Preparedness Guide: Simple Steps to Get You, Your Family and Your Pets Prepared"','x',NULL,2,'2018-04-08','1012352','2012352',1,NULL,NULL);
INSERT INTO ARTICLE
VALUES ('412353','Earthquake Storms: The Fascinating History and Volatile Future of the San Andreas Fault','x',NULL,2,'2019-07-23','1012353','2012353',3,'no','2019-08-23');
INSERT INTO ARTICLE
VALUES ('412354','The Reader Digest Merry Christmas Songbook','x',NULL,2,'2017-03-05','1012354','2012354',2,NULL,NULL);
INSERT INTO ARTICLE
VALUES ('412355','BatMan','x',NULL,2,'2019-06-08','1012355','2012355',2,NULL,NULL);
INSERT INTO ARTICLE
VALUES ('412356','Road to Ninja','x','RoadToNinja.pdf',2,'2019-06-08','1012356','2012356',2,NULL,NULL);
INSERT INTO ARTICLE
VALUES ('412357','15 Minutes Alone with God for Men','x',NULL,2,'2015-08-07','1012357','2012345',2,NULL,NULL);
INSERT INTO ARTICLE
VALUES ('412358','HOW YOU LIKE THAT','x','HYLT.DOCX',2,'2020-03-22','1012358','2012346',2,NULL,NULL);
INSERT INTO ARTICLE
VALUES ('412359','WHISTLE','x','WHISTLE.DOX',2,'2019-07-21','1012359','2012347',2,NULL,NULL);
INSERT INTO ARTICLE
VALUES ('412360','"Elastic Wave Propagation and Generation in Seismology
"','x',NULL,3,'2017-08-07','1012345','2012348',3,'no','2017-09-07');
INSERT INTO ARTICLE
VALUES ('412361','BOMBAYAA','x','BOMBAYAA.DOCS',3,'2018-01-21','1012346','2012349',3,'no','2018-07-21');
INSERT INTO ARTICLE
VALUES ('412362','"Quantitative Seismology: Theory and Methods','x',NULL,3,'2019-08-04','1012347','2012350',3,'no','2019-09-04');
INSERT INTO ARTICLE
VALUES ('412363','Enemies of the Heart: Breaking Free from the Four Emotions That Control You','x',NULL,3,'2020-05-09','1012348','2012351',3,'no','2020-06-09');
INSERT INTO ARTICLE
VALUES ('412364','KILL THIS LOVE','x','KTL.DOCX',3,'2017-02-12','1012349','2012352',3,'no','2017-05-12');
INSERT INTO ARTICLE
VALUES ('412365','Kingdom Man Devotional','x',NULL,3,'2017-07-07','1012350','2012353',3,'no','2017-08-07');
INSERT INTO ARTICLE
VALUES ('412366','Touring New Mexico Hot Springs (Touring Hot Springs)','x',NULL,3,'2018-05-05','1012351','2012354',3,'no','2018-08-05');
INSERT INTO ARTICLE
VALUES ('412367','For Married Men Only: Three Principles for Loving Your Wife','x',NULL,3,'2016-08-04','1012352','2012355',3,'no','2016-09-04');
INSERT INTO ARTICLE
VALUES ('412368','PLAYING WITH  FIRE','x','PLF.DOCX',4,'2019-11-11','1012353','2012356',3,'no','2019-12-11');
INSERT INTO ARTICLE
VALUES ('412369','Little Man','x','221',4,'2010-12-12','1012354','2012345',3,'no','2011-01-01');
INSERT INTO ARTICLE
VALUES ('412370','Strongmans His Name...Whats His Game?','x',NULL,4,'2020-04-05','1012355','2012346',0,NULL,NULL);
INSERT INTO ARTICLE
VALUES ('412371','DDU DU DDU DU','x','DDD.DOCX',4,'2016-11-21','1012356','2012347',0,NULL,NULL);
INSERT INTO ARTICLE
VALUES ('412372','Earthquake Storms: The Fascinating History and Volatile Future of the San Andreas Fault','x','2e',4,'2017-01-21','1012357','2012348',3,'no','2017-04-21');


-------


INSERT INTO BOOK
VALUES ('X1246',	'Mapping the Big Picture: Integrating Curriculum & Assessment K-12',	'Heidi Hayes Jacobs',	1990,	'Association for Supervision & Curriculum Development',	108) ;
INSERT INTO BOOK
VALUES ('X1245',	'The Control of Nature','John McPhee',	1990,'Farrar  Straus and Giroux',	238) ;
INSERT INTO BOOK
VALUES ('X1247',	'The Gettysburg Address',	'Abraham Lincoln',	1998,	'HMH Books for Young Readers',	5239) ;
INSERT INTO BOOK
VALUES ('X1248',	'Underworld',	'Don DeLillo',	1998,	'Scribner',	1505) ;
INSERT INTO BOOK
VALUES ('X1249',	'Libra'	,'Don DeLillo',	1991,	'Penguin',	11857) ;
INSERT INTO BOOK
VALUES ('X1250',	'Americana',	'Don DeLillo',	1989,	'Penguin Books',	393) ;


----

INSERT INTO REVIEW_OF_BOOK
VALUES ('412367','X1245') ;
INSERT INTO REVIEW_OF_BOOK
VALUES ('412368','X1246') ;
INSERT INTO REVIEW_OF_BOOK
VALUES ('412369','X1247') ;
INSERT INTO REVIEW_OF_BOOK
VALUES ('412370','X1248') ;
INSERT INTO REVIEW_OF_BOOK
VALUES ('412371','X1249') ;
INSERT INTO REVIEW_OF_BOOK
VALUES ('412372','X1250') ;

-----

INSERT INTO REVIEW_BOOK
VALUES ('412356', 5);
INSERT INTO REVIEW_BOOK
VALUES ('412357', 5);
INSERT INTO REVIEW_BOOK
VALUES ('412358', 5);
INSERT INTO REVIEW_BOOK
VALUES ('412359', 5);
INSERT INTO REVIEW_BOOK
VALUES ('412360', 5);
INSERT INTO REVIEW_BOOK
VALUES ('412361', 5);
INSERT INTO REVIEW_BOOK
VALUES ('412362', 5);
INSERT INTO REVIEW_BOOK
VALUES ('412363', 5);
INSERT INTO REVIEW_BOOK
VALUES ('412364', 5);
INSERT INTO REVIEW_BOOK
VALUES ('412365', 5);
INSERT INTO REVIEW_BOOK
VALUES ('412366', 5);


------



INSERT INTO RESEARCH
VALUES ('412356', 12);
INSERT INTO RESEARCH
VALUES ('412357', 12);
INSERT INTO RESEARCH
VALUES ('412358', 12);
INSERT INTO RESEARCH
VALUES ('412359', 12);
INSERT INTO RESEARCH
VALUES ('412360', 12);
INSERT INTO RESEARCH
VALUES ('412361', 12);
INSERT INTO RESEARCH
VALUES ('412362', 12);
INSERT INTO RESEARCH
VALUES ('412363', 12);
INSERT INTO RESEARCH
VALUES ('412364', 12);
INSERT INTO RESEARCH
VALUES ('412365', 12);
INSERT INTO RESEARCH
VALUES ('412366', 12);


-----


INSERT INTO FIELD VALUES('1012345','SPORT');
INSERT INTO FIELD VALUES('1012346','Computers');
INSERT INTO FIELD VALUES('1012347','Music');
INSERT INTO FIELD VALUES('1012348','Computers');
INSERT INTO FIELD VALUES('1012349','Arts');
INSERT INTO FIELD VALUES('1012350','Arts');
INSERT INTO FIELD VALUES('1012351','Romance');
INSERT INTO FIELD VALUES('1012352','Biographies');
INSERT INTO FIELD VALUES('1012353','Arts');
INSERT INTO FIELD VALUES('1012354','Biographies');
INSERT INTO FIELD VALUES('1012355','Science');
INSERT INTO FIELD VALUES('1012356','Arts');
INSERT INTO FIELD VALUES('1012357','Humor');
INSERT INTO FIELD VALUES('1012358','Biographies');
INSERT INTO FIELD VALUES('1012359','Travel');
INSERT INTO FIELD VALUES('2012345','Romance');
INSERT INTO FIELD VALUES('2012346','Romance');
INSERT INTO FIELD VALUES('2012347','Biographies');
INSERT INTO FIELD VALUES('2012348','Computers');
INSERT INTO FIELD VALUES('2012349','Romance');
INSERT INTO FIELD VALUES('2012350','Biographies');
INSERT INTO FIELD VALUES('2012351','Biographies');
INSERT INTO FIELD VALUES('2012352','Arts');
INSERT INTO FIELD VALUES('2012353','Biographies');
INSERT INTO FIELD VALUES('2012354','Biographies');
INSERT INTO FIELD VALUES('2012355','Romance');
INSERT INTO FIELD VALUES('2012356','Biographies');
INSERT INTO FIELD VALUES('3012345','Biographies');
INSERT INTO FIELD VALUES('3012346','Arts');
INSERT INTO FIELD VALUES('3012347','Biographies');
INSERT INTO FIELD VALUES('3012348','Romance');
INSERT INTO FIELD VALUES('3012349','Biographies');
INSERT INTO FIELD VALUES('3012350','Biographies');
INSERT INTO FIELD VALUES('3012351','Romance"');
INSERT INTO FIELD VALUES('3012352','SPORT');
INSERT INTO FIELD VALUES('3012353','Computers');
INSERT INTO FIELD VALUES('3012354','Music');

-----


INSERT INTO PUBLISHED_ARTICLE
VALUES ('D11245', 'open access', 412360);

INSERT INTO PUBLISHED_ARTICLE
VALUES ('D11246','open access',	412361) ;

INSERT INTO PUBLISHED_ARTICLE
VALUES ('D11247','open access',	412362) ;

INSERT INTO PUBLISHED_ARTICLE
VALUES ('D11248',	'open access',	412363) ;

INSERT INTO PUBLISHED_ARTICLE
VALUES ('D11249',	'open access',	412364) ;

INSERT INTO PUBLISHED_ARTICLE
VALUES ('D11250',	'normal',	412365) ;

INSERT INTO PUBLISHED_ARTICLE
VALUES ('D11251',	'normal',	412366) ;

INSERT INTO PUBLISHED_ARTICLE
VALUES ('D11252',	'normal',	412367) ;

INSERT INTO PUBLISHED_ARTICLE
VALUES ('D11253',	'normal',	412368) ;

INSERT INTO PUBLISHED_ARTICLE
VALUES ('D11254',	'normal',	412369) ;

INSERT INTO PUBLISHED_ARTICLE
VALUES ('D11255',	'open access',	412370); 

INSERT INTO PUBLISHED_ARTICLE
VALUES ('D11256',	'normal',	412371) ;

INSERT INTO PUBLISHED_ARTICLE
VALUES ('D11257',	'normal',	412372) ;

-----

INSERT INTO OVERVIEW
VALUES ('412345', 8);

INSERT INTO OVERVIEW
VALUES ('412346', 8);

INSERT INTO OVERVIEW
VALUES ('412347', 8);

INSERT INTO OVERVIEW
VALUES ('412348', 8);

INSERT INTO OVERVIEW
VALUES ('412349', 8);

INSERT INTO OVERVIEW
VALUES ('412350', 8);

INSERT INTO OVERVIEW
VALUES ('412351', 8);

INSERT INTO OVERVIEW
VALUES ('412352', 8);

INSERT INTO OVERVIEW
VALUES ('412353', 8);

INSERT INTO OVERVIEW
VALUES ('412354', 8);

INSERT INTO OVERVIEW
VALUES ('412355', 8);


----

INSERT INTO CRITERIA VALUES ('1','2012345');
INSERT INTO CRITERIA VALUES ('2','2012346');
INSERT INTO CRITERIA VALUES ('3','2012347');
INSERT INTO CRITERIA VALUES ('4','2012349');
INSERT INTO CRITERIA VALUES ('5','2012348');
INSERT INTO CRITERIA VALUES ('6','2012350');

----

INSERT INTO WRITE 
VALUES (412345,1012345);
INSERT INTO WRITE 
VALUES (412347,1012347);
INSERT INTO WRITE 
VALUES (412346,1012346);
INSERT INTO WRITE 
VALUES (412348,1012348);
INSERT INTO WRITE 
VALUES (412349,1012349);
INSERT INTO WRITE 
VALUES (412350,1012350);
INSERT INTO WRITE 
VALUES (412351,1012351);
INSERT INTO WRITE 
VALUES (412352,1012352);
INSERT INTO WRITE 
VALUES (412353,1012353);
INSERT INTO WRITE 
VALUES (412354,1012354);
INSERT INTO WRITE 
VALUES (412355,1012355);
INSERT INTO WRITE 
VALUES (412356,1012356);
INSERT INTO WRITE 
VALUES (412357,1012357);
INSERT INTO WRITE 
VALUES (412358,1012358);
INSERT INTO WRITE 
VALUES (412359,1012359);
INSERT INTO WRITE 
VALUES (412360,1012345);
INSERT INTO WRITE 
VALUES (412361,1012346);
INSERT INTO WRITE 
VALUES (412362,1012347);
INSERT INTO WRITE 
VALUES (412363,1012348);
INSERT INTO WRITE 
VALUES (412364,1012349);
INSERT INTO WRITE 
VALUES (412365,1012350);
INSERT INTO WRITE 
VALUES (412366,1012351);
INSERT INTO WRITE 
VALUES (412367,1012352);
INSERT INTO WRITE 
VALUES (412368,1012353);
INSERT INTO WRITE 
VALUES (412369,1012354);
INSERT INTO WRITE 
VALUES (412370,1012355);
INSERT INTO WRITE 
VALUES (412371,1012356);
INSERT INTO WRITE 
VALUES (412372,1012357);
INSERT INTO WRITE 
VALUES (412345,1012359);
INSERT INTO WRITE 
VALUES (412346,1012360);

INSERT INTO WRITE 
VALUES (412347,1012361);
INSERT INTO WRITE 
VALUES (412348,1012362);
INSERT INTO WRITE 
VALUES (412349,1012363);
INSERT INTO WRITE 
VALUES (412350,1012364);
INSERT INTO WRITE 
VALUES (412351,1012365);
INSERT INTO WRITE 
VALUES (412352,1012366);
INSERT INTO WRITE 
VALUES (412353,1012367);
INSERT INTO WRITE 
VALUES (412354,1012368);
INSERT INTO WRITE 
VALUES (412355,1012369);
INSERT INTO WRITE 
VALUES (412356,1012370);
INSERT INTO WRITE 
VALUES (412357,1012371);
INSERT INTO WRITE 
VALUES (412358,1012372);
INSERT INTO WRITE 
VALUES (412359,1012373);
INSERT INTO WRITE 
VALUES (412360,1012374);
INSERT INTO WRITE 
VALUES (412361,1012375);
INSERT INTO WRITE 
VALUES (412362,1012376);
INSERT INTO WRITE 
VALUES (412363,1012377);
INSERT INTO WRITE 
VALUES (412364,1012378);
INSERT INTO WRITE 
VALUES (412365,1012379);
INSERT INTO WRITE 
VALUES (412366,1012380);
INSERT INTO WRITE 
VALUES (412367,1012381);
INSERT INTO WRITE 
VALUES (412368,1012382);
INSERT INTO WRITE 
VALUES (412369,1012383);
INSERT INTO WRITE 
VALUES (412370,1012384);
INSERT INTO WRITE 
VALUES (412371,1012385);
INSERT INTO WRITE 
VALUES (412372,1012386);


------

INSERT INTO EVALUATE VALUES('3012345','412345','1',NULL,NULL, NULL);
INSERT INTO EVALUATE VALUES('3012346','412346','2',NULL,NULL, NULL);
INSERT INTO EVALUATE VALUES('3012347','412347','3',NULL,NULL, NULL);
INSERT INTO EVALUATE VALUES('3012348','412348','4',NULL,NULL, NULL);
INSERT INTO EVALUATE VALUES('3012349','412349','5',NULL,NULL, NULL);
INSERT INTO EVALUATE VALUES('3012350','412350','6',NULL,NULL, NULL);
INSERT INTO EVALUATE VALUES('3012351','412351','1',NULL,NULL, NULL);
INSERT INTO EVALUATE VALUES('3012352','412352','2',NULL,NULL, NULL);
INSERT INTO EVALUATE VALUES('3012353','412353','3',NULL,NULL, NULL);
INSERT INTO EVALUATE VALUES('3012354','412354','4',NULL,NULL, NULL);
INSERT INTO EVALUATE VALUES('3012345','412355','5',NULL,NULL, NULL);
INSERT INTO EVALUATE VALUES('3012346','412356','6',NULL,NULL, NULL);
INSERT INTO EVALUATE VALUES('3012347','412357','1',NULL,NULL, NULL);
INSERT INTO EVALUATE VALUES('3012348','412358','2',NULL,NULL, NULL);
INSERT INTO EVALUATE VALUES('3012349','412359','3',NULL,NULL, NULL);
INSERT INTO EVALUATE VALUES('3012350','412360','4',NULL,NULL, NULL);
INSERT INTO EVALUATE VALUES('3012351','412361','5',NULL,NULL, NULL);
INSERT INTO EVALUATE VALUES('3012352','412362','6',NULL,NULL, NULL);
INSERT INTO EVALUATE VALUES('3012353','412363','3',NULL,NULL, NULL);
INSERT INTO EVALUATE VALUES('3012354','412364','4',NULL,NULL, NULL);
INSERT INTO EVALUATE VALUES('3012345','412365','5',NULL,NULL, NULL);
INSERT INTO EVALUATE VALUES('3012346','412366','6',NULL,NULL, NULL);
INSERT INTO EVALUATE VALUES('3012347','412367','1',NULL,NULL, NULL);
INSERT INTO EVALUATE VALUES('3012348','412368','2',NULL,NULL, NULL);
INSERT INTO EVALUATE VALUES('3012349','412369','3',NULL,NULL, NULL);
INSERT INTO EVALUATE VALUES('3012350','412370','2',NULL,NULL, NULL);
INSERT INTO EVALUATE VALUES('3012351','412371','3',NULL,NULL, NULL);
INSERT INTO EVALUATE VALUES('3012352','412372','4',NULL,NULL, NULL);


-----


INSERT INTO ASSIGN
VALUES('412345','3012345','2012345','2018-05-08');
INSERT INTO ASSIGN
VALUES('412346','3012346','2012346','2017-08-03');
INSERT INTO ASSIGN
VALUES('412347','3012347','2012347','2018-05-04');
INSERT INTO ASSIGN
VALUES('412348','3012348','2012348','2019-06-08');
INSERT INTO ASSIGN
VALUES('412349','3012349','2012349','2015-02-11');
INSERT INTO ASSIGN
VALUES('412350','3012350','2012350','2018-05-07');
INSERT INTO ASSIGN
VALUES('412351','3012351','2012351','2020-02-08');
INSERT INTO ASSIGN
VALUES('412352','3012352','2012352','2018-04-08');
INSERT INTO ASSIGN
VALUES('412353','3012353','2012353','2019-07-23');
INSERT INTO ASSIGN
VALUES('412354','3012354','2012354','2017-03-05');
INSERT INTO ASSIGN
VALUES('412355','3012345','2012355','2019-06-08');
INSERT INTO ASSIGN
VALUES('412356','3012346','2012356','2019-06-08');
INSERT INTO ASSIGN
VALUES('412357','3012347','2012345','2015-08-07');
INSERT INTO ASSIGN
VALUES('412358','3012348','2012346','2020-03-22');
INSERT INTO ASSIGN
VALUES('412359','3012349','2012347','2019-07-21');
INSERT INTO ASSIGN
VALUES('412360','3012350','2012348','2017-08-07');
INSERT INTO ASSIGN
VALUES('412361','3012351','2012349','2018-01-21');
INSERT INTO ASSIGN
VALUES('412362','3012352','2012350','2019-08-04');
INSERT INTO ASSIGN
VALUES('412363','3012353','2012351','2020-05-09');
INSERT INTO ASSIGN
VALUES('412364','3012354','2012352','2017-02-12');
INSERT INTO ASSIGN
VALUES('412365','3012345','2012353','2017-07-07');
INSERT INTO ASSIGN
VALUES('412366','3012346','2012354','2018-05-05');
INSERT INTO ASSIGN
VALUES('412367','3012347','2012355','2016-08-04');
INSERT INTO ASSIGN
VALUES('412368','3012348','2012356','2019-11-11');
INSERT INTO ASSIGN
VALUES('412369','3012349','2012345','2010-12-12');
INSERT INTO ASSIGN
VALUES('412370','3012350','2012346','2020-04-05');
INSERT INTO ASSIGN
VALUES('412371','3012351','2012347','2016-11-21');
INSERT INTO ASSIGN
VALUES('412372','3012352','2012348','2017-01-21');

-----



